Order_ID,Order_Date,Region,Sales_Rep,Product_Category,Revenue,Discount,Target,Net_Revenue,Month,Year,Margin_%
ORD0001,2024-12-22,West,James Wilson,Software,1754.2,0.13,20831.42,1754.07,12,2024,99.99258921445673
ORD0002,2024-10-24,East,Linda Davis,Electronics,19834.97,0.07,7502.1,19834.9,10,2024,99.99964708794619
ORD0003,2024-04-19,East,John Smith,Accessories,17139.86,0.08,11821.59,17139.78,4,2024,99.99953325173017
ORD0004,2024-09-13,South,James Wilson,Furniture,16920.83,0.08,16017.8,16920.75,9,2024,99.99952720995364
ORD0005,2024-08-29,East,David Brown,Electronics,5666.91,0.1,19680.63,5666.8099999999995,8,2024,99.99823536989292
ORD0006,2024-03-02,West,John Smith,Electronics,17066.51,0.14,18795.19,17066.37,3,2024,99.99917967996971
ORD0007,2024-03-11,North,David Brown,Furniture,9894.99,0.23,23918.03,9894.76,3,2024,99.99767559138513
ORD0008,2024-12-16,South,James Wilson,Office Supplies,18278.68,0.03,24439.61,18278.65,12,2024,99.99983587436293
ORD0009,2024-02-25,West,John Smith,Accessories,5067.75,0.15,7754.39,5067.6,2,2024,99.99704010655617
ORD0010,2024-07-11,West,Linda Davis,Software,15118.95,0.07,20639.33,15118.880000000001,7,2024,99.9995370048846
ORD0011,2024-01-24,West,James Wilson,Software,2461.35,0.04,10910.97,2461.31,1,2024,99.99837487557642
ORD0012,2024-04-15,North,David Brown,Software,1478.77,0.12,8162.3,1478.65,4,2024,99.99188514779175
ORD0013,2024-05-12,North,David Brown,Accessories,19314.13,0.15,8306.96,19313.98,5,2024,99.99922336651974
ORD0014,2024-08-25,North,Mary Johnson,Office Supplies,1607.76,0.2,19227.44,1607.56,8,2024,99.98756033238791
ORD0015,2024-01-10,East,David Brown,Accessories,18462.11,0.08,18223.63,18462.03,1,2024,99.99956668008151
ORD0016,2024-05-13,South,Linda Davis,Electronics,13599.96,0.24,17075.25,13599.72,5,2024,99.99823528892732
ORD0017,2024-05-26,South,Linda Davis,Furniture,4258.46,0.22,21549.54,4258.24,5,2024,99.9948338131625
ORD0018,2024-10-26,East,Mary Johnson,Accessories,1363.54,0.22,22938.11,1363.32,10,2024,99.98386552649721
ORD0019,2024-06-24,East,Mary Johnson,Software,18498.95,0.21,13214.51,18498.74,6,2024,99.99886480043463
ORD0020,2024-12-29,West,David Brown,Accessories,17230.19,0.2,8227.07,17229.989999999998,12,2024,99.99883924669432
ORD0021,2024-03-11,North,James Wilson,Office Supplies,15990.41,0.23,19353.42,15990.18,3,2024,99.9985616378817
ORD0022,2024-08-06,East,James Wilson,Accessories,13741.29,0.12,9466.68,13741.17,8,2024,99.9991267195438
ORD0023,2024-08-07,East,James Wilson,Furniture,6707.51,0.18,17288.44,6707.33,8,2024,99.99731644082527
ORD0024,2024-06-13,South,James Wilson,Furniture,4410.5,0.13,18696.6,4410.37,6,2024,99.99705248838
ORD0025,2024-03-27,East,John Smith,Software,19658.34,0.15,6547.69,19658.19,3,2024,99.99923696507436
ORD0026,2024-04-20,East,James Wilson,Office Supplies,19758.88,0.23,17286.72,19758.65,4,2024,99.99883596641106
ORD0027,2024-01-25,South,John Smith,Furniture,1386.36,0.05,5786.11,1386.31,1,2024,99.9963934331631
ORD0028,2024-01-08,South,James Wilson,Office Supplies,1240.39,0.19,18400.16,1240.2,1,2024,99.98468223703834
ORD0029,2024-07-29,West,Mary Johnson,Furniture,3612.29,0.16,11952.93,3612.13,7,2024,99.9955706767729
ORD0030,2024-07-14,North,John Smith,Software,1987.89,0.14,22361.52,1987.75,7,2024,99.99295735679539
ORD0031,2024-10-27,West,James Wilson,Software,6232.97,0.04,16228.27,6232.93,10,2024,99.99935825136332
ORD0032,2024-04-28,South,John Smith,Furniture,11826.04,0.03,21720.56,11826.01,4,2024,99.99974632252216
ORD0033,2024-07-08,East,Mary Johnson,Furniture,9533.92,0.07,16339.01,9533.85,7,2024,99.99926577944855
ORD0034,2024-02-24,South,James Wilson,Electronics,2358.57,0.22,18012.47,2358.3500000000004,2,2024,99.99067231415647
ORD0035,2024-10-28,East,James Wilson,Office Supplies,12186.16,0.08,24754.59,12186.08,10,2024,99.99934351756418
ORD0036,2024-08-22,South,John Smith,Accessories,2655.68,0.02,24847.72,2655.66,8,2024,99.99924689721654
ORD0037,2024-11-25,South,David Brown,Electronics,4778.3,0.06,16989.22,4778.24,11,2024,99.99874432329489
ORD0038,2024-02-23,West,David Brown,Furniture,3159.33,0.09,11203.54,3159.24,2,2024,99.99715129473654
ORD0039,2024-09-29,South,James Wilson,Furniture,3030.6,0.03,17788.6,3030.5699999999997,9,2024,99.99901009701048
ORD0040,2024-03-25,South,James Wilson,Office Supplies,9450.37,0.19,21862.06,9450.18,3,2024,99.99798949670753
ORD0041,2024-08-12,East,David Brown,Electronics,11585.22,0.07,7663.75,11585.15,8,2024,99.9993957818669
ORD0042,2024-05-28,South,John Smith,Furniture,11775.85,0.03,20269.51,11775.82,5,2024,99.99974524132016
ORD0043,2024-06-18,West,James Wilson,Furniture,15648.99,0.15,18179.36,15648.84,6,2024,99.99904147168604
ORD0044,2024-06-21,West,Linda Davis,Furniture,19486.79,0.14,15981.41,19486.65,6,2024,99.99928156458812
ORD0045,2024-06-01,South,Mary Johnson,Accessories,15118.23,0.21,16284.23,15118.02,6,2024,99.9986109485039
ORD0046,2024-12-20,North,David Brown,Office Supplies,8723.93,0.07,6144.32,8723.86,12,2024,99.99919760933433
ORD0047,2024-06-18,West,Linda Davis,Furniture,14712.46,0.24,21989.26,14712.22,6,2024,99.9983687296346
ORD0048,2024-01-26,South,David Brown,Furniture,17017.53,0.07,23938.72,17017.46,1,2024,99.99958865945881
ORD0049,2024-05-07,West,Linda Davis,Accessories,17039.02,0.04,22440.24,17038.98,5,2024,99.99976524471478
ORD0050,2024-08-02,East,Linda Davis,Software,14381.99,0.23,13359.3,14381.76,8,2024,99.99840077763926
ORD0051,2024-08-20,North,David Brown,Electronics,4494.98,0.12,12975.56,4494.86,8,2024,99.99733035519624
ORD0052,2024-11-16,East,John Smith,Software,4401.78,0.06,19713.07,4401.719999999999,11,2024,99.99863691506616
ORD0053,2024-10-02,West,Mary Johnson,Accessories,14125.4,0.17,20281.38,14125.23,10,2024,99.99879649425857
ORD0054,2024-09-16,South,Mary Johnson,Software,14655.99,0.17,22103.23,14655.82,9,2024,99.99884006471075
ORD0055,2024-03-06,North,Linda Davis,Accessories,14260.07,0.22,13012.6,14259.85,3,2024,99.99845723057462
ORD0056,2024-07-09,West,Mary Johnson,Office Supplies,10472.15,0.16,7314.67,10471.99,7,2024,99.99847213800413
ORD0057,2024-12-07,North,David Brown,Electronics,6279.3,0.14,23825.65,6279.16,12,2024,99.99777045212045
ORD0058,2024-11-09,East,David Brown,Office Supplies,7106.94,0.17,8850.13,7106.7699999999995,11,2024,99.99760797192603
ORD0059,2024-08-26,North,John Smith,Furniture,8253.67,0.1,12489.82,8253.57,8,2024,99.9987884177584
ORD0060,2024-01-09,South,James Wilson,Furniture,10560.06,0.22,9321.08,10559.84,1,2024,99.99791667850373
ORD0061,2024-11-15,South,Linda Davis,Furniture,1344.07,0.02,17247.67,1344.05,11,2024,99.99851198226283
ORD0062,2024-11-05,East,Linda Davis,Office Supplies,7709.31,0.05,5118.26,7709.26,11,2024,99.99935143352647
ORD0063,2024-09-29,North,David Brown,Electronics,17659.29,0.15,15132.45,17659.14,9,2024,99.99915058872695
ORD0064,2024-10-03,East,James Wilson,Furniture,2279.95,0.03,6855.16,2279.9199999999996,10,2024,99.99868418167064
ORD0065,2024-09-17,South,Mary Johnson,Office Supplies,16083.43,0.21,23902.28,16083.220000000001,9,2024,99.99869430836583
ORD0066,2024-03-19,North,David Brown,Furniture,5855.91,0.14,10144.81,5855.7699999999995,3,2024,99.99760925287444
ORD0067,2024-02-29,West,James Wilson,Accessories,4098.39,0.08,12968.93,4098.31,2,2024,99.99804801397623
ORD0068,2024-01-10,East,Linda Davis,Office Supplies,16578.65,0.02,9762.39,16578.63,1,2024,99.99987936291555
ORD0069,2024-05-01,South,John Smith,Furniture,6108.11,0.1,22192.19,6108.009999999999,5,2024,99.99836283236549
ORD0070,2024-11-28,East,Linda Davis,Furniture,18176.22,0.14,12775.11,18176.08,11,2024,99.99922976284398
ORD0071,2024-07-16,West,James Wilson,Accessories,2126.35,0.23,23957.42,2126.12,7,2024,99.9891833423472
ORD0072,2024-07-13,West,David Brown,Office Supplies,5729.46,0.11,11702.82,5729.35,7,2024,99.99808009829897
ORD0073,2024-05-26,South,James Wilson,Office Supplies,9109.98,0.02,5820.74,9109.96,5,2024,99.99978046054986
ORD0074,2024-08-13,South,Linda Davis,Electronics,4846.41,0.25,23111.69,4846.16,8,2024,99.9948415425026
ORD0075,2024-01-07,North,John Smith,Electronics,9936.27,0.18,13848.98,9936.09,1,2024,99.99818845502386
ORD0076,2024-09-28,West,Mary Johnson,Software,3330.31,0.0,13805.87,3330.31,9,2024,100.0
ORD0077,2024-02-28,North,Mary Johnson,Furniture,4305.39,0.08,17681.33,4305.31,2,2024,99.99814186403555
ORD0078,2024-01-05,North,James Wilson,Software,18198.84,0.04,8284.08,18198.8,1,2024,99.99978020577134
ORD0079,2024-01-03,East,Linda Davis,Furniture,10686.04,0.14,5282.8,10685.900000000001,1,2024,99.99868987950636
ORD0080,2024-12-05,West,Mary Johnson,Accessories,12399.03,0.23,23546.38,12398.800000000001,12,2024,99.99814501618272
ORD0081,2024-04-23,South,James Wilson,Electronics,7734.93,0.07,16333.55,7734.860000000001,4,2024,99.99909501443453
ORD0082,2024-06-21,West,Linda Davis,Electronics,9939.9,0.1,20418.34,9939.8,6,2024,99.9989939536615
ORD0083,2024-09-05,North,John Smith,Accessories,4682.15,0.22,21628.42,4681.929999999999,9,2024,99.99530130388817
ORD0084,2024-04-15,West,Linda Davis,Office Supplies,3393.03,0.01,18448.49,3393.02,4,2024,99.9997052781732
ORD0085,2024-08-06,South,James Wilson,Electronics,4139.8,0.18,9571.43,4139.62,8,2024,99.99565196386298
ORD0086,2024-10-19,North,David Brown,Software,17245.53,0.04,24086.06,17245.489999999998,10,2024,99.99976805583823
ORD0087,2024-08-07,East,James Wilson,Furniture,1411.4,0.02,13862.91,1411.38,8,2024,99.99858296726654
ORD0088,2024-09-14,North,David Brown,Accessories,19276.31,0.14,15493.96,19276.170000000002,9,2024,99.99927371991839
ORD0089,2024-07-25,South,James Wilson,Electronics,16996.26,0.03,21719.7,16996.23,7,2024,99.9998234905797
ORD0090,2024-04-01,North,John Smith,Office Supplies,10802.55,0.14,11010.49,10802.41,4,2024,99.99870400970143
ORD0091,2024-12-31,South,James Wilson,Furniture,13548.92,0.19,21873.8,13548.73,12,2024,99.99859767420575
ORD0092,2024-12-16,West,Linda Davis,Accessories,4296.3,0.09,12117.12,4296.21,12,2024,99.99790517421967
ORD0093,2024-06-25,West,James Wilson,Furniture,15279.28,0.01,13015.66,15279.27,6,2024,99.99993455188988
ORD0094,2024-01-04,South,John Smith,Accessories,5015.68,0.07,6878.43,5015.610000000001,1,2024,99.99860437667475
ORD0095,2024-02-07,South,David Brown,Furniture,15370.98,0.12,5514.46,15370.859999999999,2,2024,99.99921930807274
ORD0096,2024-08-26,West,John Smith,Electronics,3152.89,0.07,11595.05,3152.8199999999997,8,2024,99.99777981470967
ORD0097,2024-04-06,North,Mary Johnson,Furniture,526.56,0.14,13504.56,526.42,4,2024,99.97341233667578
ORD0098,2024-11-12,South,James Wilson,Electronics,4754.31,0.09,17754.72,4754.22,11,2024,99.9981069808237
ORD0099,2024-07-10,North,David Brown,Electronics,6991.05,0.02,14592.64,6991.03,7,2024,99.99971391994049
ORD0100,2024-06-22,North,John Smith,Furniture,11976.18,0.0,7993.08,11976.18,6,2024,100.0
ORD0101,2024-05-08,South,James Wilson,Furniture,13067.87,0.01,5199.45,13067.86,5,2024,99.99992347643494
ORD0102,2024-03-04,South,John Smith,Office Supplies,15725.17,0.17,19878.89,15725.0,3,2024,99.99891893060615
ORD0103,2024-06-22,North,David Brown,Electronics,16127.0,0.08,11118.6,16126.92,6,2024,99.99950393749613
ORD0104,2024-07-27,West,Linda Davis,Software,11538.63,0.09,21331.73,11538.539999999999,7,2024,99.99922001138783
ORD0105,2024-06-01,East,John Smith,Software,8625.74,0.01,23289.92,8625.73,6,2024,99.99988406791765
ORD0106,2024-11-21,North,Linda Davis,Electronics,10590.57,0.0,8191.25,10590.57,11,2024,100.0
ORD0107,2024-08-09,South,Mary Johnson,Electronics,19001.18,0.17,8059.02,19001.010000000002,8,2024,99.99910531872233
ORD0108,2024-12-31,West,Mary Johnson,Office Supplies,19872.95,0.0,21159.35,19872.95,12,2024,100.0
ORD0109,2024-09-23,East,James Wilson,Software,12563.34,0.06,7787.04,12563.28,9,2024,99.99952241999341
ORD0110,2024-03-26,West,John Smith,Electronics,18959.03,0.01,22790.32,18959.02,3,2024,99.99994725468551
ORD0111,2024-10-09,West,Linda Davis,Furniture,5131.79,0.08,20104.12,5131.71,10,2024,99.99844108975621
ORD0112,2024-08-20,West,John Smith,Software,19998.41,0.04,24263.33,19998.37,8,2024,99.99979998409873
ORD0113,2024-12-25,North,Linda Davis,Accessories,11955.26,0.19,10258.45,11955.07,12,2024,99.99841074138077
ORD0114,2024-09-12,North,James Wilson,Software,12901.89,0.14,20882.68,12901.75,9,2024,99.99891488766374
ORD0115,2024-10-16,South,David Brown,Accessories,9936.49,0.25,17536.94,9936.24,10,2024,99.99748402101748
ORD0116,2024-07-23,East,James Wilson,Software,13817.4,0.02,15014.51,13817.38,7,2024,99.99985525496837
ORD0117,2024-08-25,West,John Smith,Software,11421.63,0.21,24382.17,11421.42,8,2024,99.99816138327017
ORD0118,2024-11-12,East,Linda Davis,Software,18226.88,0.19,18940.86,18226.690000000002,11,2024,99.998957583525
ORD0119,2024-11-18,West,David Brown,Accessories,9947.67,0.12,18074.59,9947.55,11,2024,99.99879368736599
ORD0120,2024-08-15,West,Mary Johnson,Office Supplies,7497.01,0.24,24372.79,7496.77,8,2024,99.99679872375788
ORD0121,2024-09-26,North,Mary Johnson,Software,11550.9,0.05,8122.21,11550.85,9,2024,99.99956713329698
ORD0122,2024-01-13,North,Linda Davis,Software,16762.38,0.01,15498.68,16762.370000000003,1,2024,99.99994034260052
ORD0123,2024-01-02,East,James Wilson,Office Supplies,19908.1,0.05,8111.69,19908.05,1,2024,99.99974884594714
ORD0124,2024-05-15,East,James Wilson,Electronics,10124.75,0.06,9700.84,10124.69,5,2024,99.99940739277513
ORD0125,2024-01-08,South,James Wilson,Software,5869.07,0.22,8492.36,5868.849999999999,1,2024,99.99625153559252
ORD0126,2024-05-24,East,Linda Davis,Office Supplies,8048.95,0.19,23041.04,8048.76,5,2024,99.99763944365415
ORD0127,2024-02-13,East,Mary Johnson,Furniture,1880.05,0.03,12698.64,1880.02,2,2024,99.99840429775804
ORD0128,2024-04-02,North,Mary Johnson,Office Supplies,4122.8,0.15,13016.14,4122.650000000001,4,2024,99.99636169593481
ORD0129,2024-10-01,North,David Brown,Software,14102.33,0.22,23243.5,14102.11,10,2024,99.99843997410358
ORD0130,2024-06-15,North,James Wilson,Accessories,19582.05,0.23,9710.82,19581.82,6,2024,99.99882545494471
ORD0131,2024-05-22,East,John Smith,Accessories,7194.09,0.21,11364.89,7193.88,5,2024,99.99708093726935
ORD0132,2024-04-22,West,David Brown,Software,2845.4,0.03,7011.73,2845.37,4,2024,99.99894566669009
ORD0133,2024-02-10,South,Linda Davis,Furniture,19315.34,0.16,5950.29,19315.18,2,2024,99.99917164284967
ORD0134,2024-05-02,West,John Smith,Accessories,6968.08,0.03,23043.88,6968.05,5,2024,99.99956946533335
ORD0135,2024-06-03,North,Mary Johnson,Software,12822.91,0.01,18284.94,12822.9,6,2024,99.99992201458171
ORD0136,2024-07-20,East,John Smith,Furniture,16600.04,0.08,21600.79,16599.96,7,2024,99.99951807345042
ORD0137,2024-01-04,East,Linda Davis,Accessories,12191.92,0.04,17368.51,12191.88,1,2024,99.9996719138577
ORD0138,2024-08-03,West,Mary Johnson,Software,3836.44,0.03,10893.42,3836.41,8,2024,99.99921802504404
ORD0139,2024-04-13,East,David Brown,Software,15487.37,0.02,20895.13,15487.35,4,2024,99.99987086251572
ORD0140,2024-07-18,South,Linda Davis,Accessories,7218.22,0.03,21013.84,7218.1900000000005,7,2024,99.99958438507001
ORD0141,2024-01-28,West,David Brown,Software,8006.22,0.09,14021.75,8006.13,1,2024,99.99887587400795
ORD0142,2024-02-29,East,Linda Davis,Software,10971.82,0.1,12871.09,10971.72,2,2024,99.99908857418369
ORD0143,2024-07-03,East,David Brown,Accessories,16311.61,0.05,17172.52,16311.560000000001,7,2024,99.99969346986595
ORD0144,2024-10-29,West,Mary Johnson,Office Supplies,17940.8,0.11,12631.18,17940.69,10,2024,99.99938687238027
ORD0145,2024-07-30,North,John Smith,Office Supplies,17789.36,0.16,10450.77,17789.2,7,2024,99.99910058596825
ORD0146,2024-03-19,East,David Brown,Software,4433.96,0.02,6464.45,4433.94,3,2024,99.99954893593987
ORD0147,2024-09-23,North,Mary Johnson,Office Supplies,9693.79,0.02,10718.29,9693.77,9,2024,99.99979368234715
ORD0148,2024-05-07,East,Mary Johnson,Electronics,7618.83,0.2,14120.98,7618.63,5,2024,99.9973749250213
ORD0149,2024-08-25,East,James Wilson,Furniture,14894.08,0.24,6500.02,14893.84,8,2024,99.99838862151942
ORD0150,2024-02-25,East,John Smith,Furniture,2471.98,0.03,21565.04,2471.95,2,2024,99.9987863979482
ORD0151,2024-10-03,South,James Wilson,Furniture,15114.77,0.14,17847.35,15114.630000000001,10,2024,99.99907375368596
ORD0152,2024-08-23,North,Linda Davis,Electronics,17893.4,0.16,21133.88,17893.24,8,2024,99.9991058155521
ORD0153,2024-09-18,South,David Brown,Office Supplies,10675.79,0.07,13600.42,10675.720000000001,9,2024,99.99934431081915
ORD0154,2024-09-06,East,Linda Davis,Office Supplies,621.94,0.11,11183.21,621.83,9,2024,99.98231340643791
ORD0155,2024-08-07,West,James Wilson,Electronics,1345.71,0.07,12548.72,1345.64,8,2024,99.99479828492022
ORD0156,2024-08-23,South,Linda Davis,Electronics,18985.48,0.04,14111.59,18985.44,8,2024,99.99978931267474
ORD0157,2024-08-15,North,Linda Davis,Electronics,18508.57,0.07,14081.79,18508.5,8,2024,99.99962179682169
ORD0158,2024-11-25,East,James Wilson,Accessories,9638.72,0.23,22487.05,9638.49,11,2024,99.9976137910428
ORD0159,2024-06-08,West,David Brown,Electronics,2085.12,0.21,11598.4,2084.91,6,2024,99.98992863720073
ORD0160,2024-09-26,South,Linda Davis,Furniture,1668.29,0.17,22238.23,1668.12,9,2024,99.98980992513292
ORD0161,2024-10-16,West,Mary Johnson,Electronics,13917.48,0.05,16127.64,13917.43,10,2024,99.99964073955918
ORD0162,2024-08-13,South,James Wilson,Software,15865.81,0.11,24235.55,15865.699999999999,8,2024,99.9993066852559
ORD0163,2024-11-01,South,Linda Davis,Accessories,16416.14,0.08,18047.37,16416.059999999998,11,2024,99.99951267472133
ORD0164,2024-10-09,West,Linda Davis,Electronics,16168.79,0.19,10698.17,16168.6,10,2024,99.99882489660637
ORD0165,2024-07-12,West,James Wilson,Accessories,10993.09,0.09,23731.23,10993.0,7,2024,99.9991813038918
ORD0166,2024-07-27,South,Linda Davis,Office Supplies,17501.76,0.14,24071.95,17501.62,7,2024,99.99920008044906
ORD0167,2024-03-12,South,John Smith,Accessories,15496.35,0.15,21223.38,15496.2,3,2024,99.99903203012323
ORD0168,2024-08-11,West,Mary Johnson,Office Supplies,17963.74,0.01,13084.74,17963.730000000003,8,2024,99.99994433230498
ORD0169,2024-01-12,South,John Smith,Furniture,4693.1,0.06,24065.81,4693.04,1,2024,99.99872152734865
ORD0170,2024-06-05,North,David Brown,Electronics,1726.82,0.23,23199.2,1726.59,6,2024,99.98668071947279
ORD0171,2024-02-22,East,Linda Davis,Software,4994.93,0.16,5095.8,4994.77,2,2024,99.99679675190643
ORD0172,2024-03-14,North,Linda Davis,Furniture,14884.6,0.22,23113.25,14884.380000000001,3,2024,99.9985219622966
ORD0173,2024-03-28,South,Mary Johnson,Software,5644.31,0.06,15791.85,5644.25,3,2024,99.99893698255411
ORD0174,2024-03-12,West,James Wilson,Office Supplies,6714.76,0.13,15849.19,6714.63,3,2024,99.99806396654533
ORD0175,2024-09-13,East,David Brown,Software,5424.15,0.08,21623.44,5424.07,9,2024,99.99852511453408
ORD0176,2024-07-12,South,Linda Davis,Furniture,5636.54,0.08,6662.58,5636.46,7,2024,99.99858068957197
ORD0177,2024-11-05,South,David Brown,Accessories,10463.01,0.11,16874.89,10462.9,11,2024,99.99894867729266
ORD0178,2024-12-21,North,David Brown,Office Supplies,1179.45,0.11,9963.4,1179.3400000000001,12,2024,99.99067361905975
ORD0179,2024-10-05,North,James Wilson,Office Supplies,6993.11,0.19,5232.78,6992.92,10,2024,99.99728304002082
ORD0180,2024-12-18,South,Linda Davis,Furniture,8167.36,0.09,8452.83,8167.2699999999995,12,2024,99.99889805273673
ORD0181,2024-06-11,East,James Wilson,Office Supplies,17236.38,0.24,17449.39,17236.14,6,2024,99.99860759625861
ORD0182,2024-11-28,East,John Smith,Software,9329.82,0.18,16862.04,9329.64,11,2024,99.99807070232866
ORD0183,2024-06-13,North,David Brown,Accessories,6956.75,0.24,14168.99,6956.51,6,2024,99.99655011319942
ORD0184,2024-03-18,West,David Brown,Electronics,19245.89,0.09,21994.43,19245.8,3,2024,99.99953236768994
ORD0185,2024-08-08,West,Linda Davis,Electronics,19124.72,0.23,17943.57,19124.49,8,2024,99.99879736801375
ORD0186,2024-10-09,East,James Wilson,Furniture,2117.15,0.09,6504.54,2117.06,10,2024,99.99574900219635
ORD0187,2024-01-15,West,David Brown,Furniture,18966.68,0.12,9585.44,18966.56,1,2024,99.99936731151683
ORD0188,2024-08-06,South,James Wilson,Software,1500.67,0.23,11311.82,1500.44,8,2024,99.98467351249775
ORD0189,2024-01-01,West,James Wilson,Electronics,3731.14,0.04,8004.03,3731.1,1,2024,99.99892794159426
ORD0190,2024-03-18,South,David Brown,Office Supplies,5577.23,0.02,13636.77,5577.209999999999,3,2024,99.99964139904576
ORD0191,2024-06-29,East,James Wilson,Office Supplies,1054.7,0.08,19671.91,1054.6200000000001,6,2024,99.99241490471225
ORD0192,2024-08-09,East,James Wilson,Furniture,19796.64,0.21,12666.03,19796.43,8,2024,99.99893921392722
ORD0193,2024-10-23,West,James Wilson,Furniture,15293.65,0.21,18903.49,15293.44,10,2024,99.99862688109118
ORD0194,2024-06-07,North,David Brown,Furniture,17437.04,0.18,6609.07,17436.86,6,2024,99.99896771470387
ORD0195,2024-08-05,East,James Wilson,Electronics,2030.07,0.02,15796.47,2030.05,8,2024,99.99901481229712
ORD0196,2024-02-10,East,James Wilson,Accessories,16016.81,0.18,17382.21,16016.63,2,2024,99.99887618071264
ORD0197,2024-06-27,East,Linda Davis,Furniture,10771.37,0.18,18163.16,10771.19,6,2024,99.99832890337997
ORD0198,2024-02-11,South,Mary Johnson,Furniture,10948.48,0.14,12255.77,10948.34,2,2024,99.99872128368504
ORD0199,2024-05-05,North,John Smith,Office Supplies,17471.52,0.14,24334.84,17471.38,5,2024,99.99919869593488
ORD0200,2024-10-03,East,John Smith,Accessories,1108.49,0.05,20225.87,1108.44,10,2024,99.99548935939883
ORD0201,2024-12-16,West,Linda Davis,Electronics,5261.5,0.24,19717.29,5261.26,12,2024,99.9954385631474
ORD0202,2024-05-24,North,David Brown,Software,4972.21,0.1,10133.28,4972.11,5,2024,99.99798882187196
ORD0203,2024-08-14,West,James Wilson,Office Supplies,15074.77,0.07,14620.76,15074.7,8,2024,99.9995356479734
ORD0204,2024-07-05,East,John Smith,Office Supplies,7237.74,0.07,22743.97,7237.67,7,2024,99.99903284727
ORD0205,2024-10-20,West,David Brown,Furniture,14432.37,0.01,19338.21,14432.36,10,2024,99.99993071131075
ORD0206,2024-10-30,East,Mary Johnson,Electronics,10860.4,0.13,13703.01,10860.27,10,2024,99.99880299068174
ORD0207,2024-04-11,East,David Brown,Office Supplies,10444.4,0.1,23404.14,10444.3,4,2024,99.99904254911722
ORD0208,2024-07-16,South,Mary Johnson,Electronics,6582.81,0.22,9302.18,6582.59,7,2024,99.99665796217724
ORD0209,2024-04-19,West,John Smith,Software,15161.03,0.11,14473.53,15160.92,4,2024,99.99927445562736
ORD0210,2024-03-25,West,Mary Johnson,Office Supplies,7106.97,0.05,21604.39,7106.92,3,2024,99.99929646530096
ORD0211,2024-10-29,East,Mary Johnson,Electronics,4351.31,0.04,17246.23,4351.27,10,2024,99.99908073660576
ORD0212,2024-04-18,West,Mary Johnson,Accessories,7444.05,0.01,6557.93,7444.04,4,2024,99.99986566452401
ORD0213,2024-11-12,North,James Wilson,Office Supplies,4264.36,0.24,14679.42,4264.12,11,2024,99.99437195733944
ORD0214,2024-08-02,West,John Smith,Furniture,14000.3,0.14,17913.97,14000.16,8,2024,99.99900002142812
ORD0215,2024-11-22,East,David Brown,Electronics,15196.44,0.14,5122.84,15196.300000000001,11,2024,99.99907873159766
ORD0216,2024-01-21,South,James Wilson,Furniture,9875.61,0.09,17067.58,9875.52,1,2024,99.99908866389012
ORD0217,2024-09-30,South,James Wilson,Furniture,8139.66,0.2,20200.05,8139.46,9,2024,99.99754289491207
ORD0218,2024-07-20,East,John Smith,Office Supplies,15244.36,0.2,23166.25,15244.16,7,2024,99.9986880393798
ORD0219,2024-09-09,South,James Wilson,Office Supplies,10568.75,0.11,15011.36,10568.64,9,2024,99.99895919574216
ORD0220,2024-10-28,South,James Wilson,Furniture,10503.33,0.21,19125.28,10503.12,10,2024,99.99800063408463
ORD0221,2024-05-12,North,James Wilson,Software,800.89,0.2,17901.2,800.6899999999999,5,2024,99.97502778159297
ORD0222,2024-05-07,North,John Smith,Electronics,5479.25,0.08,18501.54,5479.17,5,2024,99.99853994616052
ORD0223,2024-01-30,East,John Smith,Furniture,11342.5,0.07,14562.86,11342.43,1,2024,99.99938285210492
ORD0224,2024-03-17,South,John Smith,Office Supplies,13442.03,0.01,5342.67,13442.02,3,2024,99.99992560647462
ORD0225,2024-07-28,West,James Wilson,Office Supplies,1790.61,0.23,23476.53,1790.3799999999999,7,2024,99.98715521526184
ORD0226,2024-10-06,West,John Smith,Software,17026.26,0.23,14403.56,17026.03,10,2024,99.99864914549643
ORD0227,2024-08-19,South,James Wilson,Furniture,7377.47,0.11,19826.08,7377.360000000001,8,2024,99.99850897394364
ORD0228,2024-09-21,East,Linda Davis,Furniture,9362.94,0.01,10402.99,9362.93,9,2024,99.99989319594059
ORD0229,2024-11-01,South,David Brown,Accessories,19670.63,0.07,8724.9,19670.56,11,2024,99.99964413951155
ORD0230,2024-05-31,North,James Wilson,Furniture,12164.36,0.1,15411.23,12164.26,5,2024,99.99917792633562
ORD0231,2024-07-14,South,David Brown,Software,9639.92,0.23,12181.02,9639.69,7,2024,99.99761408808372
ORD0232,2024-10-11,South,James Wilson,Office Supplies,8196.76,0.02,8644.31,8196.74,10,2024,99.99975600115167
ORD0233,2024-09-15,South,Mary Johnson,Furniture,19641.15,0.01,18541.66,19641.140000000003,9,2024,99.99994908648425
ORD0234,2024-05-09,West,Mary Johnson,Accessories,10495.4,0.08,21580.08,10495.32,5,2024,99.99923776130495
ORD0235,2024-05-23,South,Linda Davis,Accessories,9781.32,0.19,22206.19,9781.13,5,2024,99.99805752188865
ORD0236,2024-10-27,West,James Wilson,Accessories,17552.22,0.1,7907.77,17552.120000000003,10,2024,99.99943027149843
ORD0237,2024-09-09,North,David Brown,Accessories,9322.13,0.11,16311.97,9322.019999999999,9,2024,99.99882001216459
ORD0238,2024-12-13,East,Mary Johnson,Furniture,2129.74,0.17,8506.45,2129.5699999999997,12,2024,99.99201780499027
ORD0239,2024-07-06,North,Linda Davis,Furniture,9074.87,0.1,18663.05,9074.77,7,2024,99.99889805583992
ORD0240,2024-11-04,South,David Brown,Software,10134.97,0.06,11665.95,10134.91,11,2024,99.9994079903542
ORD0241,2024-08-04,East,John Smith,Accessories,18534.27,0.06,5614.22,18534.21,8,2024,99.99967627535369
ORD0242,2024-03-04,East,David Brown,Furniture,6197.99,0.0,18254.45,6197.99,3,2024,100.0
ORD0243,2024-06-02,North,Linda Davis,Software,5232.36,0.12,13581.94,5232.24,6,2024,99.99770657982249
ORD0244,2024-04-02,North,David Brown,Accessories,18109.56,0.02,22551.49,18109.54,4,2024,99.9998895610937
ORD0245,2024-10-14,South,Mary Johnson,Accessories,15862.08,0.11,11191.92,15861.97,10,2024,99.99930652222154
ORD0246,2024-06-17,North,David Brown,Electronics,3244.29,0.17,23771.63,3244.12,6,2024,99.99476002453541
ORD0247,2024-11-15,West,Linda Davis,Office Supplies,1318.78,0.08,13881.07,1318.7,11,2024,99.99393378728826
ORD0248,2024-03-26,West,James Wilson,Furniture,16896.03,0.08,11777.81,16895.949999999997,3,2024,99.99952651599222
ORD0249,2024-02-17,East,Linda Davis,Accessories,4607.1,0.13,17532.84,4606.97,2,2024,99.99717826832497
ORD0250,2024-07-30,South,John Smith,Software,9582.81,0.14,12573.65,9582.67,7,2024,99.99853905065426
ORD0251,2024-06-28,South,John Smith,Electronics,12638.62,0.14,23225.69,12638.480000000001,6,2024,99.99889228412596
ORD0252,2024-11-12,North,Linda Davis,Furniture,18391.91,0.22,23049.18,18391.69,11,2024,99.99880382189778
ORD0253,2024-04-04,North,John Smith,Office Supplies,3501.74,0.23,20068.26,3501.5099999999998,4,2024,99.99343183674402
ORD0254,2024-11-12,East,Mary Johnson,Accessories,3487.33,0.16,13590.72,3487.17,11,2024,99.99541196273367
ORD0255,2024-10-22,South,Mary Johnson,Furniture,8563.41,0.14,20148.54,8563.27,10,2024,99.99836513725258
ORD0256,2024-06-01,West,David Brown,Office Supplies,9617.37,0.15,6373.03,9617.220000000001,6,2024,99.9984403220423
ORD0257,2024-09-21,South,David Brown,Electronics,15652.62,0.07,14156.1,15652.550000000001,9,2024,99.99955279052325
ORD0258,2024-08-14,South,Mary Johnson,Electronics,8795.34,0.13,10547.79,8795.210000000001,8,2024,99.9985219445752
ORD0259,2024-03-03,South,James Wilson,Electronics,6699.1,0.2,22055.47,6698.900000000001,3,2024,99.9970145243391
ORD0260,2024-10-23,South,James Wilson,Electronics,18727.94,0.18,21110.24,18727.76,10,2024,99.99903886919758
ORD0261,2024-03-02,East,David Brown,Office Supplies,3411.58,0.17,5113.69,3411.41,3,2024,99.99501697160846
ORD0262,2024-02-22,West,John Smith,Software,5227.35,0.0,24712.48,5227.35,2,2024,100.0
ORD0263,2024-12-24,West,Linda Davis,Accessories,5960.11,0.16,19700.92,5959.95,12,2024,99.99731548578802
ORD0264,2024-12-02,West,Linda Davis,Furniture,2922.06,0.22,23013.43,2921.84,12,2024,99.99247106493365
ORD0265,2024-08-24,East,John Smith,Electronics,7879.07,0.22,23858.33,7878.849999999999,8,2024,99.9972077922902
ORD0266,2024-08-13,South,David Brown,Furniture,11591.23,0.18,18127.9,11591.05,8,2024,99.99844710181749
ORD0267,2024-03-05,North,Linda Davis,Electronics,6134.39,0.19,17212.78,6134.200000000001,3,2024,99.99690270752268
ORD0268,2024-11-16,West,Linda Davis,Accessories,19620.98,0.11,21998.76,19620.87,11,2024,99.99943937560712
ORD0269,2024-07-18,North,Mary Johnson,Office Supplies,1881.36,0.1,7125.21,1881.26,7,2024,99.99468469617725
ORD0270,2024-10-20,East,John Smith,Accessories,15033.67,0.16,9537.24,15033.51,10,2024,99.99893572228206
ORD0271,2024-05-05,South,Mary Johnson,Furniture,8704.77,0.13,21163.46,8704.640000000001,5,2024,99.99850656594029
ORD0272,2024-05-28,South,Linda Davis,Electronics,2184.89,0.02,6149.74,2184.87,5,2024,99.99908462210912
ORD0273,2024-04-02,East,Linda Davis,Electronics,18710.85,0.21,11613.75,18710.64,4,2024,99.99887765654687
ORD0274,2024-01-27,East,James Wilson,Office Supplies,17848.29,0.2,7189.52,17848.09,1,2024,99.99887944447339
ORD0275,2024-03-17,West,James Wilson,Office Supplies,19122.13,0.12,21272.95,19122.010000000002,3,2024,99.99937245484682
ORD0276,2024-07-10,South,Linda Davis,Software,16001.63,0.09,5028.44,16001.539999999999,7,2024,99.99943755729885
ORD0277,2024-06-29,South,Mary Johnson,Software,14316.75,0.11,7372.68,14316.64,6,2024,99.99923166919866
ORD0278,2024-10-11,North,David Brown,Furniture,18121.7,0.16,18888.78,18121.54,10,2024,99.9991170806271
ORD0279,2024-02-08,East,David Brown,Electronics,10437.54,0.21,6759.03,10437.330000000002,2,2024,99.99798803166264
ORD0280,2024-10-20,South,David Brown,Electronics,16058.45,0.14,6620.71,16058.310000000001,10,2024,99.99912818484972
ORD0281,2024-11-29,South,John Smith,Accessories,6914.23,0.22,16138.04,6914.009999999999,11,2024,99.99681815617936
ORD0282,2024-03-13,North,Linda Davis,Software,8627.96,0.07,24908.5,8627.89,3,2024,99.99918868423127
ORD0283,2024-03-13,East,James Wilson,Electronics,12981.38,0.24,21207.58,12981.14,3,2024,99.99815119810067
ORD0284,2024-01-07,West,Mary Johnson,Furniture,16366.65,0.17,5264.47,16366.48,1,2024,99.99896130240458
ORD0285,2024-04-25,East,John Smith,Software,18527.26,0.25,22155.12,18527.01,4,2024,99.99865063695333
ORD0286,2024-10-08,North,James Wilson,Furniture,16846.59,0.2,23336.99,16846.39,10,2024,99.99881281612481
ORD0287,2024-10-02,North,James Wilson,Accessories,11558.56,0.08,13149.85,11558.48,10,2024,99.9993078722609
ORD0288,2024-09-27,South,James Wilson,Electronics,6286.42,0.2,13869.85,6286.22,9,2024,99.9968185390095
ORD0289,2024-02-26,North,Linda Davis,Electronics,14825.21,0.11,24472.38,14825.099999999999,2,2024,99.99925802062836
ORD0290,2024-09-12,East,David Brown,Office Supplies,1438.93,0.22,13805.99,1438.71,9,2024,99.98471086154295
ORD0291,2024-04-29,South,John Smith,Accessories,19566.4,0.14,16149.8,19566.260000000002,4,2024,99.9992844876932
ORD0292,2024-07-04,North,Mary Johnson,Software,1436.37,0.21,12162.44,1436.1599999999999,7,2024,99.98537981160844
ORD0293,2024-10-10,South,David Brown,Office Supplies,15870.72,0.03,18834.24,15870.689999999999,10,2024,99.99981097265909
ORD0294,2024-05-02,North,Mary Johnson,Furniture,15751.64,0.08,15153.14,15751.56,5,2024,99.99949211637646
ORD0295,2024-01-18,West,Linda Davis,Software,4952.0,0.02,6412.26,4951.98,1,2024,99.99959612277867
ORD0296,2024-01-27,West,David Brown,Electronics,16068.76,0.11,24953.89,16068.65,1,2024,99.99931544188848
ORD0297,2024-02-22,West,James Wilson,Accessories,17737.18,0.05,7320.26,17737.13,2,2024,99.99971810626042
ORD0298,2024-02-26,North,David Brown,Furniture,11236.21,0.16,22160.12,11236.05,2,2024,99.99857603230983
ORD0299,2024-04-18,East,James Wilson,Electronics,6669.74,0.14,17187.64,6669.599999999999,4,2024,99.9979009676539
ORD0300,2024-01-24,South,Linda Davis,Accessories,3540.44,0.01,7744.85,3540.43,1,2024,99.99971754923116
